POINT;MSE_ARIMA;MAE_ARIMA;MAPE_ARIMA;R^2_ARIMA;MSE_HYB;MAE_HYB;MAPE_HYB;R^2_HYB;MSE_DIF;MAE_DIF;MAPE_DIF;R^2_DIF;x;y
76.04_8.72;0.0002276465506721176;0.013369125015277055;28.799;-0.19781908221734357;0.00013440833560147584;0.009606988577605224;17.5;0.2927770321264104;-9.323821507064176e-05;-0.0037621364376718303;-11.299;0.09495794990906681;76.04;8.72
75.84_8.72;0.0002456723999913755;0.013921632159072168;35.421;-0.3404406200864649;0.00013229404884201103;0.009593949568048439;20.222;0.27817566454449216;-0.0001133783511493645;-0.004327682591023729;-15.198999999999998;-0.062264955541972755;75.84;8.72
75.64_8.72;0.00010541706607446037;0.008552471981090047;25.868;0.30702747278992015;0.00015283598701265779;0.010718437494166618;27.298;-0.004686851121421531;4.741892093819742e-05;0.0021659655130765714;1.4299999999999997;-0.3023406216684986;75.64;8.72
75.44_8.72;6.616076890229355e-05;0.006259013524985589;15.187;0.453707600402951;0.00019695411730736703;0.011756469497768741;26.321;-0.6262588712240662;0.0001307933484050735;0.005497455972783153;11.134000000000002;0.1725512708211152;75.44;8.72
76.44_9.72;8.459951100264372e-05;0.00767234211590239;10.624;0.17096566662013346;0.00022570699069751195;0.012448051017434968;16.972;-1.2118194579900128;0.00014110747969486823;0.004775708901532579;6.348000000000001;1.0408537913698792;76.44;9.72
76.24_9.72;8.10473496648032e-05;0.0074362320380364725;9.996;0.277581503951017;0.00023679296414662164;0.012594996423938772;16.663;-1.1106626896656162;0.00015574561448181845;0.005158764385902299;6.667;0.8330811857145992;76.24;9.72
76.04_9.72;0.00016163789192381945;0.011351353053595829;18.817;0.07085892986764986;0.00012695276398478575;0.009544772767605838;14.27;0.27023901647593185;-3.46851279390337e-05;-0.0018065802859899907;-4.547000000000001;0.199380086608282;76.04;9.72
75.84_9.72;0.00021937777705970137;0.013334569045210702;25.687;-0.4245351930808998;0.0001171186452021505;0.00935588496734415;16.135;0.23948708892690074;-0.00010225913185755088;-0.003978684077866553;-9.552;-0.18504810415399908;75.84;9.72
75.64_9.72;0.0002354787991549043;0.013791349716608321;30.03;-0.7100077452851243;0.00011462513083235224;0.009589696383073061;18.84;0.16761142730856848;-0.00012085366832255205;-0.00420165333353526;-11.190000000000001;-0.5423963179765559;75.64;9.72
75.44_9.72;0.00011355685218812926;0.009171513824890126;19.309;0.014722316275422642;0.00013919485177386217;0.010402533014175987;19.728;-0.20772616094472385;2.563799958573291e-05;0.0012310191892858612;0.4190000000000005;0.1930038446693012;75.44;9.72
76.84_10.72;0.00013121454839478097;0.010435751578092466;20.627;-0.34051441437418517;0.00012233035062141344;0.009900464323917143;18.919;-0.2497516497185559;-8.884197773367526e-06;-0.0005352872541753238;-1.7079999999999984;-0.09076276465562927;76.84;10.72
76.64_10.72;0.00013121454839478097;0.010435751578092466;20.627;-0.34051441437418517;0.00012318497664106715;0.00980623288932203;18.735;-0.25848268230800775;-8.029571753713819e-06;-0.0006295186887704356;-1.8919999999999995;-0.08203173206617742;76.64;10.72
76.44_10.72;0.00011991602548875563;0.010020626078134686;14.324;-0.10093099564708696;0.00016676888002293514;0.010773934955662428;14.998;-0.5310800068487562;4.6852854534179506e-05;0.0007533088775277426;0.6739999999999995;0.43014901120166926;76.44;10.72
76.24_10.72;8.032883705583081e-05;0.007808530219308123;10.201;0.3182597666250484;0.00016795452145297154;0.010625217274445252;13.633;-0.4254078466509539;8.762568439714073e-05;0.0028166870551371292;3.4319999999999986;0.10714808002590548;76.24;10.72
76.04_10.72;4.942836504968471e-05;0.004656239224562842;6.003;0.6354408528856352;8.965538139810004e-05;0.007955276184777356;10.748;0.3387462979232626;4.022701634841533e-05;0.003299036960214514;4.744999999999999;-0.2966945549623726;76.04;10.72
75.84_10.72;5.488645873205049e-05;0.005608981456522662;9.214;0.5350868243906606;9.114876694467342e-05;0.008236608309826022;13.146;0.22792864265483326;3.626230821262293e-05;0.0026276268533033595;3.9320000000000004;-0.3071581817358273;75.84;10.72
75.64_10.72;6.556907440536824e-05;0.006516021388900893;11.996;0.39292336194699784;0.00010013253977367882;0.008609643738203858;14.888;0.07291469100657855;3.456346536831058e-05;0.002093622349302965;2.8919999999999995;-0.3200086709404193;75.64;10.72
75.44_10.72;8.304033227496033e-05;0.007931561219689477;15.5;0.1792041824449465;8.825246845589821e-05;0.008280158953295404;15.036;0.12768584839402197;5.2121361809378815e-06;0.00034859773360592684;-0.4640000000000004;-0.05151833405092454;75.44;10.72
75.24_10.72;0.00010032762001458152;0.008837670189692164;16.984;0.0649507046716209;8.319521457601297e-05;0.008050393450953893;14.284;0.22462401926121578;-1.7132405438568553e-05;-0.0007872767387382702;-2.700000000000001;0.15967331458959488;75.24;10.72
77.24_11.72;9.812557725098155e-05;0.00739521380821616;18.395;0.17321877685751663;9.764351318299309e-05;0.008343940574503347;15.919;0.1772805264128352;-4.820640679884631e-07;0.0009487267662871869;-2.475999999999999;0.004061749555318572;77.24;11.72
77.04_11.72;9.157715539397759e-05;0.007735314863251204;17.216;0.03291471861167672;9.979762868635433e-05;0.008708362801218344;16.56;-0.05389621903867736;8.220473292376739e-06;0.00097304793796714;-0.6560000000000024;0.020981500427000643;77.04;11.72
76.84_11.72;0.0001617800580949905;0.011291766840206607;25.486;-0.5873366518620864;0.00010367843277879787;0.008631831416184727;17.826;-0.01726120200040504;-5.810162531619263e-05;-0.0026599354240218805;-7.66;-0.5700754498616813;76.84;11.72
76.64_11.72;0.00020011899729356552;0.013008044083362917;26.751;-0.9157449882741067;0.00011871086036515827;0.009155941500257512;18.041;-0.13642252296839552;-8.140813692840724e-05;-0.0038521025831054056;-8.71;-0.7793224653057111;76.64;11.72
76.44_11.72;9.645850642336501e-05;0.009109578477867426;14.741;0.0728268052465848;8.033163773131799e-05;0.007528095361194596;11.685;0.22784061295522418;-1.612686869204702e-05;-0.00158148311667283;-3.055999999999999;0.15501380770863937;76.44;11.72
76.24_11.72;9.645850642336501e-05;0.009109578477867426;14.741;0.0728268052465848;6.781482150042124e-05;0.007021908114014106;10.869;0.3481540712831548;-2.8643684922943777e-05;-0.0020876703638533205;-3.872;0.27532726603657;76.24;11.72
76.04_11.72;4.831335916893785e-05;0.005768633717183356;8.712;0.5577404868709446;6.795985740971409e-05;0.006988953490792188;10.441;0.377896839148704;1.964649824077624e-05;0.0012203197736088325;1.729000000000001;-0.1798436477222406;76.04;11.72
75.84_11.72;4.452281288187384e-05;0.00528440597898643;9.808;0.5722395376720698;8.226746732475611e-05;0.007496417833318368;13.678;0.20960138006661166;3.7744654442882275e-05;0.0022120118543319384;3.870000000000001;-0.36263815760545814;75.84;11.72
75.64_11.72;4.452281288187384e-05;0.00528440597898643;9.808;0.5722395376720698;8.056224521467047e-05;0.007315054295043632;13.344;0.22598459017773664;3.6039432332796636e-05;0.0020306483160572025;3.5359999999999996;-0.34625494749433317;75.64;11.72
75.44_11.72;8.830349153793859e-05;0.008476810941608312;17.379;0.056162750387673044;7.471498642385047e-05;0.007335765012493925;14.076;0.20140431524373203;-1.3588505114088122e-05;-0.0011410459291143864;-3.303000000000001;0.145241564856059;75.44;11.72
75.24_11.72;0.0002567549268681358;0.014874414588570898;30.924;-1.6938716040680317;5.5557848053010686e-05;0.006198314001631292;11.881;0.41708729379126097;-0.0002011970788151251;-0.008676100586939605;-19.043;-1.2767843102767706;75.24;11.72
75.04_11.72;0.0002550855824522914;0.014788283395973257;28.992;-1.5058397753075097;5.582781833030029e-05;0.006313896447338818;11.392;0.4515739917724563;-0.00019925776412199112;-0.008474386948634439;-17.6;-1.0542657835350533;75.04;11.72
77.44_12.72;0.00012704379807148135;0.009962351714631364;23.97;0.5958261717615012;0.00018025015004801795;0.011402240962794194;22.055;0.4265568702182474;5.32063519765366e-05;0.0014398892481628303;-1.9149999999999991;-0.16926930154325381;77.44;12.72
77.24_12.72;9.967530753147191e-05;0.007712263464179413;21.59;0.40622411707441697;0.0001133671760451402;0.008970755946744022;17.866;0.3246602722572097;1.3691868513668293e-05;0.0012584924825646089;-3.724;-0.08156384481720724;77.24;12.72
77.04_12.72;8.747935723803124e-05;0.006895938622084776;17.309;0.24627570739559212;0.00010896787357515524;0.00869161128801695;16.422;0.061130122349206784;2.1488516337124e-05;0.0017956726659321747;-0.8870000000000005;-0.18514558504638534;77.04;12.72
76.84_12.72;0.00010959349101238298;0.008558683411147683;19.235;-0.25862861771071355;9.178412309837175e-05;0.00817977066889592;16.033;-0.054096579239735654;-1.7809367914011233e-05;-0.00037891274225176214;-3.201999999999998;-0.2045320384709779;76.84;12.72
76.64_12.72;0.0001621856902761119;0.011118662082507006;24.653;-0.7019758830002356;9.126801480963599e-05;0.00782130359822335;15.643;0.04223387506716425;-7.091767546647591e-05;-0.003297358484283657;-9.009999999999998;-0.6597420079330714;76.64;12.72
76.44_12.72;0.0001621856902761119;0.011118662082507006;24.653;-0.7019758830002356;7.532746100093945e-05;0.007268003607547199;14.471;0.20951397294682939;-8.685822927517244e-05;-0.0038506584749598075;-10.181999999999999;-0.4924619100534062;76.44;12.72
76.24_12.72;0.00013774749658182776;0.010840431251662034;22.078;-0.43040268866419473;6.967892745632447e-05;0.006796590541556591;12.967;0.27643748416468394;-6.806856912550329e-05;-0.004043840710105443;-9.110999999999999;-0.1539652044995108;76.24;12.72
76.04_12.72;9.772931467596584e-05;0.009173806529504919;18.009;-0.015505184831024366;7.89123638587642e-05;0.0071872745561173115;13.396;0.18002172724173549;-1.8816950817201642e-05;-0.001986531973387607;-4.6129999999999995;0.16451654241071112;76.04;12.72
75.84_12.72;0.00012791671279845419;0.010477248910454491;23.697;-0.35630548251150596;0.00013801490343245867;0.009504602844602856;20.319;-0.46337695910523613;1.0098190634004483e-05;-0.0009726460658516355;-3.378;0.10707147659373017;75.84;12.72
75.64_12.72;0.00012791671279845419;0.010477248910454491;23.697;-0.35630548251150596;0.00014030148697696357;0.00953674084773547;20.548;-0.4876216862388907;1.238477417850938e-05;-0.0009405080627190206;-3.149000000000001;0.13131620372738473;75.64;12.72
75.44_12.72;0.00012791671279845419;0.010477248910454491;23.697;-0.35630548251150596;8.562357564601731e-05;0.007310083129875301;15.632;0.09213016391447393;-4.229313715243688e-05;-0.0031671657805791903;-8.065;-0.264175318597032;75.44;12.72
75.24_12.72;0.00022236171612237244;0.013871694500226283;33.643;-1.3980840494441549;5.435053497898435e-05;0.006070934464596742;13.519;0.41385075954293116;-0.00016801118114338808;-0.0078007600356295404;-20.124000000000002;-0.9842332899012237;75.24;12.72
75.04_12.72;0.00023060562399692392;0.014151352736482629;31.814;-1.4168779363675097;4.759013250535861e-05;0.005762865257481003;11.845;0.501228377489433;-0.0001830154914915653;-0.008388487479001627;-19.969;-0.9156495588780766;75.04;12.72
74.84_12.72;0.00010762967571795737;0.009513251788823595;16.91;0.15945501633108727;3.921804683902728e-05;0.005138480679495997;8.322;0.6937226436859281;-6.84116288789301e-05;-0.004374771109327599;-8.588000000000001;0.5342676273548408;74.84;12.72
76.84_13.72;9.11508986754573e-05;0.00864226150321838;18.037;0.5210430046130026;9.941126537963447e-05;0.008170800068959842;15.424;0.47763849105451184;8.260366704177175e-06;-0.00047146143425853826;-2.6129999999999995;-0.04340451355849073;76.84;13.72
76.64_13.72;6.319783830678679e-05;0.006436003611032129;13.234;0.1854595539330095;0.00011232322791408142;0.00861601470416501;15.22;-0.44770477313928714;4.912538960729463e-05;0.0021800110931328807;1.9860000000000007;0.26224521920627764;76.64;13.72
76.44_13.72;6.319783830678679e-05;0.006436003611032129;13.234;0.1854595539330095;9.974341059475525e-05;0.00802849021839163;14.059;-0.28556679049210554;3.654557228796846e-05;0.0015924866073595018;0.8249999999999993;0.10010723655909604;76.44;13.72
76.24_13.72;7.880277765092996e-05;0.007747765213240528;16.296;-0.03480440724978928;0.00014546842825573288;0.010082495057741319;19.602;-0.9102292477751985;6.666565060480291e-05;0.002334729844500791;3.306000000000001;0.8754248405254093;76.24;13.72
76.04_13.72;7.880277765092996e-05;0.007747765213240528;16.296;-0.03480440724978928;8.551050011226838e-05;0.007165368647749663;13.638;-0.1228873527057035;6.707722461338423e-06;-0.0005823965654908649;-2.6579999999999995;0.08808294545591422;76.04;13.72
75.84_13.72;7.450117726060331e-05;0.0075940768002067385;15.995;-0.01291591025110983;0.00011806852145909172;0.009226041474085223;17.96;-0.6052562963858072;4.356734419848841e-05;0.0016319646738784848;1.9650000000000016;0.5923403861346974;75.84;13.72
75.64_13.72;6.318949690782052e-05;0.006847765857026026;16.396;0.16813215878832788;0.00012309069843878222;0.009272400621671551;20.279;-0.6204464126827693;5.99012015309617e-05;0.002424634764645525;3.882999999999999;0.45231425389444146;75.64;13.72
75.44_13.72;6.318949690782052e-05;0.006847765857026026;16.396;0.16813215878832788;0.00013614387437604656;0.009931941527686481;21.648;-0.7922869529505356;7.295437746822603e-05;0.003084175670660455;5.251999999999999;0.6241547941622078;75.44;13.72
75.24_13.72;8.191638719494712e-05;0.008170211354285745;22.512;0.025261283829878578;6.049827667417696e-05;0.006010491719791232;15.136;0.28011946626071993;-2.141811052077016e-05;-0.0021597196344945134;-7.376000000000001;0.25485818243084135;75.24;13.72
75.04_13.72;0.00010222859805319499;0.009319990158316726;24.603;-0.11042840775762652;6.119578080921435e-05;0.00594844396868889;14.783;0.33527863298975524;-4.103281724398064e-05;-0.0033715461896278364;-9.820000000000002;0.22485022523212872;75.04;13.72
74.84_13.72;0.00013521958829697508;0.010720355671650307;26.573;-0.28519565913364087;3.6749959262395594e-05;0.005173042476386561;11.396;0.6507097180799098;-9.846962903457948e-05;-0.005547313195263746;-15.177;0.365514058946269;74.84;13.72
76.64_14.72;0.0002077696281359742;0.011982287079904782;21.769;0.4609532208153949;0.00014601293051091317;0.010255154663417186;20.173;0.6211775483387629;-6.175669762506104e-05;-0.0017271324164875954;-1.596;0.16022432752336802;76.64;14.72
76.44_14.72;7.843318913927718e-05;0.008122955858523807;15.942;0.4290819697998556;0.0001298980979270609;0.009244139999475412;16.143;0.0544670309966373;5.146490878778371e-05;0.0011211841409516053;0.2010000000000005;-0.3746149388032183;76.44;14.72
76.24_14.72;5.0757741293039385e-05;0.005865071804117138;12.321;0.4195030629863191;0.00015141809688241063;0.010103605163429182;18.296;-0.7317110495760757;0.00010066035558937124;0.004238533359312044;5.975;0.31220798658975657;76.24;14.72
76.04_14.72;5.536368085359421e-05;0.006306561362267848;14.397;0.5154598539985861;0.0001284127301268708;0.009340905803261084;17.235;-0.12386174554856666;7.304904927327659e-05;0.0030343444409932363;2.837999999999999;-0.3915981084500194;76.04;14.72
75.84_14.72;4.875133922346616e-05;0.005692444362394856;13.141;0.5203631181762274;0.00010312925330636687;0.008277240460283632;15.586;-0.014630454641342938;5.437791408290071e-05;0.0025847960978887764;2.4450000000000003;-0.5057326635348844;75.84;14.72
75.64_14.72;4.7296836813960427e-05;0.005804720540946846;13.538;0.5188063831594156;6.665241930797731e-05;0.006569387855584254;13.178;0.3218844878752227;1.935558249401688e-05;0.0007646673146374083;-0.35999999999999943;-0.1969218952841929;75.64;14.72
75.44_14.72;4.1453793107475986e-05;0.005164596470365831;12.848;0.5178835411862299;7.01630735017256e-05;0.006659688780813046;13.886;0.18398848451719307;2.870928039424962e-05;0.0014950923104472148;1.0379999999999985;-0.33389505666903685;75.44;14.72
75.24_14.72;0.00010621771244997402;0.008643493345359037;25.56;-0.3251040669399947;4.397028797493054e-05;0.005676179093152585;14.261;0.4514548837836748;-6.224742447504348e-05;-0.0029673142522064514;-11.299;0.1263508168436801;75.24;14.72
75.04_14.72;0.00010621771244997402;0.008643493345359037;25.56;-0.3251040669399947;9.344796481355829e-05;0.007489610660762795;17.213;-0.16579688420640526;-1.2769747636415734e-05;-0.0011538826845962418;-8.346999999999998;-0.15930718273358946;75.04;14.72
74.84_14.72;0.00024902197577388556;0.014827917923008426;47.167;-1.9655932457281495;4.783225692901059e-05;0.005195559987140772;13.89;0.43036747003642184;-0.00020118971884487496;-0.009632357935867655;-33.277;-1.5352257756917278;74.84;14.72
74.64_14.72;0.00024902197577388556;0.014827917923008426;47.167;-1.9655932457281495;3.4652155407572254e-05;0.004824532078015861;14.272;0.5873287981622579;-0.0002143698203663133;-0.010003385844992566;-32.895;-1.3782644475658916;74.64;14.72
76.24_15.72;0.0001294683358561923;0.010387943194033964;19.457;0.451321981600602;9.98784619091057e-05;0.008069263543992995;14.358;0.5767218586794957;-2.9589873947086592e-05;-0.0023186796500409695;-5.099;0.12539987707889366;76.24;15.72
76.04_15.72;9.207027669870199e-05;0.008654516417649593;19.273;0.5639481867015279;5.477278999381444e-05;0.006371863229557586;12.255;0.740591912475963;-3.7297486704887546e-05;-0.002282653188092007;-7.017999999999999;0.1766437257744351;76.04;15.72
75.84_15.72;8.048171595467679e-05;0.00797807403601748;17.729;0.5614575874517007;5.595111143536553e-05;0.006590668985997554;12.92;0.6951241023806961;-2.4530604519311254e-05;-0.001387405050019927;-4.808999999999999;0.1336665149289954;75.84;15.72
75.64_15.72;9.125593405758763e-05;0.00857676292616198;19.177;0.5516431352642048;7.876887213018327e-05;0.007932520407723008;16.252;0.6129943229250496;-1.2487061927404357e-05;-0.000644242518438972;-2.9250000000000007;0.0613511876608448;75.64;15.72
75.44_15.72;9.07875853965241e-05;0.008562061989639411;21.324;0.5851761389554193;6.02383587075965e-05;0.0068113812588317686;14.829;0.7247607320655725;-3.05492266889276e-05;-0.0017506807308076428;-6.495000000000001;0.13958459311015314;75.44;15.72
75.24_15.72;0.00010936524180699197;0.008342474646033944;27.482;0.5299842159940591;6.80096893409253e-05;0.007453075913569365;20.423;0.7077167578343722;-4.135555246606667e-05;-0.000889398732464579;-7.059000000000001;0.17773254184031306;75.24;15.72
75.04_15.72;0.0001472903592872096;0.009202366219024613;32.566;-0.06403903206868655;5.3145848423258806e-05;0.00608304849569032;19.832;0.6160695283220478;-9.41445108639508e-05;-0.0031193177233342926;-12.734000000000002;0.5520304962533612;75.04;15.72
74.84_15.72;0.00014726915717093003;0.009526567749645566;34.499;-0.15157398006005618;8.354621564723979e-05;0.0067541354613391115;25.286;0.3467087751430492;-6.372294152369024e-05;-0.0027724322883064543;-9.213000000000001;0.19513479508299303;74.84;15.72
74.64_15.72;0.0001823370760528279;0.011636987056906163;39.965;-0.7247857938699038;0.00019611803980174402;0.011439612847939292;39.132;-0.855144418755827;1.3780963748916114e-05;-0.00019737420896687174;-0.8330000000000055;0.1303586248859232;74.64;15.72
74.44_15.72;0.00010376044064429932;0.007509129213110239;27.593;0.0877426164191667;4.148188376026754e-05;0.005694096977380638;17.953;0.6352930412576752;-6.227855688403178e-05;-0.001815032235729601;-9.64;0.5475504248385085;74.44;15.72
76.24_16.72;0.0001548614946152084;0.011019594322652608;20.555;0.5041664366182045;0.00016644829133081608;0.010566102590356419;20.733;0.4670679782961057;1.1586796715607693e-05;-0.0004534917322961893;0.17800000000000082;-0.03709845832209879;76.24;16.72
76.04_16.72;0.00013546072090519153;0.010787757837231016;21.548;0.5373359910688685;5.636129873211624e-05;0.005632664374579822;11.718;0.8074988509900465;-7.909942217307529e-05;-0.005155093462651194;-9.829999999999998;0.27016285992117794;76.04;16.72
75.84_16.72;0.00011302759350556934;0.009640018558052481;21.576;0.5906889998917046;6.140553293012622e-05;0.007030387545687843;14.563;0.7776298750041566;-5.162206057544313e-05;-0.0026096310123646382;-7.013;0.18694087511245194;75.84;16.72
75.64_16.72;0.00024637004358962013;0.013594422036470119;24.591;0.47136854993843247;0.00012548979323926594;0.009146070872890827;14.967;0.7307389713397999;-0.00012088025035035418;-0.004448351163579292;-9.624;0.25937042140136746;75.64;16.72
75.44_16.72;0.00024637004358962013;0.013594422036470119;24.591;0.47136854993843247;0.00015700098079724295;0.010083784321257172;15.668;0.6631260240462467;-8.936906279237718e-05;-0.0035106377152129466;-8.923000000000002;0.19175747410781419;75.44;16.72
75.24_16.72;0.00022020490876098342;0.012957832644414859;27.457;0.540506886768434;0.0001336150699771695;0.009251409474331607;15.746;0.7211905727991594;-8.658983878381392e-05;-0.0037064231700832517;-11.711;0.1806836860307255;75.24;16.72
75.04_16.72;0.00022020490876098342;0.012957832644414859;27.457;0.540506886768434;0.00012935247813342018;0.009234616808176607;16.26;0.7300851592447586;-9.085243062756325e-05;-0.0037232158362382525;-11.197;0.18957827247632464;75.04;16.72
74.84_16.72;0.00020370244549684625;0.012598910815879504;33.153;0.5105564944288978;0.00012649015440648138;0.009758376323074445;22.114;0.6960773620467078;-7.721229109036487e-05;-0.0028405344928050594;-11.038999999999998;0.18552086761780995;74.84;16.72
74.64_16.72;0.00020370244549684625;0.012598910815879504;33.153;0.5105564944288978;0.00016319178234216962;0.010679287550242566;21.566;0.6078929841262786;-4.051066315467663e-05;-0.0019196232656369383;-11.587;0.09733648969738073;74.64;16.72
74.44_16.72;0.0003096088213402914;0.015434042223026327;541.506;0.4363508554524803;0.0001710585482336883;0.011261469370795137;280.133;0.6885844403203003;-0.00013855027310660312;-0.0041725728522311895;-261.373;0.25223358486782;74.44;16.72
74.24_16.72;0.0003096088213402914;0.015434042223026327;541.506;0.4363508554524803;0.00015991971089977387;0.010240073978309708;153.983;0.7088629198136679;-0.00014968911044051754;-0.005193968244716619;-387.52299999999997;0.2725120643611876;74.24;16.72
76.24_17.72;0.00016795196976233538;0.011905750362838514;29.638;0.5793330025682614;0.00015513897297266937;0.009609319334003913;20.593;0.611425540067158;-1.2812996789666011e-05;-0.002296431028834601;-9.045000000000002;0.03209253749889662;76.24;17.72
76.04_17.72;0.0001676417613208885;0.011816430600816226;28.824;0.5855386569412144;0.0001666666882854151;0.010529227854372008;19.394;0.587949333592894;-9.75073035473404e-07;-0.0012872027464442184;-9.430000000000003;0.0024106766516795997;76.04;17.72
75.84_17.72;0.00022305867751725106;0.013001745138866531;27.04;0.5558868146579986;0.0001751305587345252;0.010839076471793885;18.75;0.6513124207674045;-4.792811878272585e-05;-0.0021626686670726467;-8.29;0.09542560610940587;75.84;17.72
75.64_17.72;0.0002208951948394611;0.01289141326577945;25.695;0.5342529907880935;0.000179164905950338;0.011087467321952815;18.528;0.622239319588877;-4.173028888912312e-05;-0.0018039459438266344;-7.167000000000002;0.0879863288007835;75.64;17.72
75.44_17.72;0.0004207634907657869;0.01677121221138623;28.611;0.4438752779122067;0.00029355367462267554;0.014651906655190549;25.806;0.6120089805789293;-0.00012720981614311135;-0.00211930555619568;-2.8049999999999997;0.16813370266672256;75.44;17.72
75.24_17.72;0.0004207634907657869;0.01677121221138623;28.611;0.4438752779122067;0.00026438027559281033;0.013644975057700471;23.578;0.6505675741449073;-0.00015638321517297656;-0.0031262371536857573;-5.033000000000001;0.20669229623270058;75.24;17.72
75.04_17.72;0.0004383859244001096;0.01707086847236028;28.508;0.4164213172577994;0.0002601989510260594;0.01362159233797065;22.35;0.6536235480222636;-0.0001781869733740502;-0.003449276134389629;-6.157999999999998;0.23720223076446423;75.04;17.72
74.84_17.72;0.0004383859244001096;0.01707086847236028;28.508;0.4164213172577994;0.0002531345814473186;0.013189975078579533;20.634;0.6630276261728272;-0.000185251342952791;-0.0038808933937807457;-7.873999999999999;0.24660630891502777;74.84;17.72
74.64_17.72;0.000573880758453074;0.019685391300478732;37.731;0.3403540888176694;0.0002834822523364155;0.013956416495772669;25.5;0.674151980368645;-0.00029039850611665855;-0.0057289748047060635;-12.231000000000002;0.3337978915509756;74.64;17.72
74.44_17.72;0.000742174338008007;0.022597211640192565;47.964;0.3913299453118718;0.0003741835750001648;0.016063426876730933;39.623;0.6931255563618093;-0.00036799076300784214;-0.0065337847634616315;-8.341000000000001;0.30179561104993746;74.44;17.72
74.24_17.72;0.000742174338008007;0.022597211640192565;47.964;0.3913299453118718;0.0003438272379028559;0.015134632118349346;36.675;0.7180213152353139;-0.00039834710010515107;-0.007462579521843218;-11.289000000000001;0.32669136992344205;74.24;17.72
74.04_17.72;0.000604985274165614;0.02078408026729621;1153.932;0.4878794459260186;0.00035566829781678307;0.01565106551778924;440.395;0.6989264804904676;-0.0002493169763488309;-0.005133014749506969;-713.537;0.21104703456444895;74.04;17.72
77.24_18.72;0.00038125102118064034;0.016073042534088294;24.076;0.26871135121787504;0.00019829849526953756;0.012018339372990542;21.5;0.6196379010025523;-0.00018295252591110279;-0.004054703161097751;-2.5760000000000005;0.3509265497846773;77.24;18.72
77.04_18.72;0.000361086806627808;0.015615439173039052;24.175;0.3162780867386582;0.00020734459649200803;0.012435344595058791;22.898;0.607390683858348;-0.00015374221013579996;-0.0031800945779802605;-1.277000000000001;0.29111259711968984;77.04;18.72
76.84_18.72;0.000278231108618884;0.013522657121904712;22.847;0.39083675489896075;0.00021378426779757186;0.01253865815466983;24.566;0.5319376076616056;-6.444684082131214e-05;-0.0009839989672348823;1.7189999999999976;0.14110085276264484;76.84;18.72
76.64_18.72;0.0002434490779122607;0.01293532561359719;23.141;0.44257629113942965;0.00021941779263589118;0.012647529213863255;24.628;0.49760056267217334;-2.4031285276369517e-05;-0.0002877963997339351;1.4870000000000019;0.055024271532743696;76.64;18.72
76.44_18.72;0.00019537568866397146;0.012646249690740992;29.385;0.5605570031053448;0.0002332073076509585;0.012723244243188011;25.895;0.47546535153547353;3.7831618986987044e-05;7.699455244701905e-05;-3.490000000000002;-0.08509165156987131;76.44;18.72
76.24_18.72;0.00019537568866397146;0.012646249690740992;29.385;0.5605570031053448;0.0003328293458820536;0.015827392218419972;34.125;0.25139342459106795;0.00013745365721808215;0.00318114252767898;4.739999999999998;-0.3091635785142769;76.24;18.72
76.04_18.72;0.00021697049342213857;0.01317913287628255;39.816;0.5944383389772179;0.00018907584988582627;0.011316503599254553;24.05;0.6465790599932069;-2.7894643536312307e-05;-0.001862629277027997;-15.766000000000002;0.05214072101598899;76.04;18.72
75.84_18.72;0.00043758984049715614;0.017445506708306878;40.824;0.4972305636322867;0.00026582309520207105;0.01358178180521166;27.322;0.6945821968891556;-0.0001717667452950851;-0.0038637249030952173;-13.501999999999999;0.19735163325686889;75.84;18.72
75.64_18.72;0.00043758984049715614;0.017445506708306878;40.824;0.4972305636322867;0.0002659909882587219;0.013650454979908489;28.132;0.6943892959356817;-0.00017159885223843425;-0.003795051728398389;-12.691999999999997;0.19715873230339498;75.64;18.72
75.44_18.72;0.0005596184420285177;0.01897872154944871;32.665;0.4249335870042603;0.0003171417065760951;0.015126374501718116;28.2;0.6741037644310361;-0.00024247673545242264;-0.003852347047730593;-4.465;0.24917017742677583;75.44;18.72
75.24_18.72;0.0005882396983490534;0.019429697285671677;33.246;0.4246246257018005;0.0002971109189283187;0.014462113608162174;26.898;0.7093866553613255;-0.00029112877942073475;-0.004967583677509503;-6.3480000000000025;0.284762029659525;75.24;18.72
75.04_18.72;0.0006182070564464199;0.020103961229677267;43.818;0.447918606079607;0.0002675673631195976;0.013381902389076923;23.645;0.7610526097068673;-0.00035063969332682225;-0.006722058840600344;-20.173;0.3131340036272603;75.04;18.72
74.84_18.72;0.000582175082746453;0.019476797280935335;36.309;0.4235595202712825;0.00028249625552553153;0.01388914034245777;23.307;0.7202864191842709;-0.0002996788272209215;-0.005587656938477565;-13.001999999999999;0.2967268989129884;74.84;18.72
74.04_18.72;0.0006357462813574389;0.020940234814388576;39.435;0.4273781135814877;0.00024074180586855759;0.012856134250543596;29.972;0.7831618822497739;-0.00039500447548888136;-0.00808410056384498;-9.463000000000001;0.3557837686682862;74.04;18.72
77.24_19.72;0.00046240186712363286;0.017846604990347813;25.497;0.0528296263412249;0.0002557307341011779;0.013783454815657601;23.345;0.4761686917888617;-0.00020667113302245494;-0.004063150174690212;-2.152000000000001;0.4233390654476368;77.24;19.72
77.04_19.72;0.0003945402666589926;0.01611501632299691;23.992;0.17821500900722853;0.00026585969365664034;0.014056601362694161;25.093;0.44624281874428184;-0.00012868057300235227;-0.0020584149603027485;1.100999999999999;0.2680278097370533;77.04;19.72
76.84_19.72;0.0003945402666589926;0.01611501632299691;23.992;0.17821500900722853;0.0002553145060670964;0.013713948805362499;24.862;0.46820731165060536;-0.0001392257605918962;-0.002401067517634411;0.8699999999999974;0.28999230264337683;76.84;19.72
76.64_19.72;0.00026892885227159947;0.013658137338837502;24.594;0.41472481620130264;0.00022877801187242918;0.012911887314319394;26.066;0.5021058848215036;-4.0150840399170285e-05;-0.0007462500245181084;1.4719999999999978;0.08738106862020101;76.64;19.72
76.44_19.72;0.00021344979718802384;0.013113591325849884;36.628;0.5770405123848239;0.00019598729516378556;0.011496470047966821;26.273;0.6116431730851508;-1.7462502024238278e-05;-0.001617121277883063;-10.355;0.034602660700326915;76.44;19.72
76.24_19.72;0.00021344979718802384;0.013113591325849884;36.628;0.5770405123848239;0.00022697163113694234;0.012663961350528491;29.178;0.550246446360886;1.3521833948918502e-05;-0.0004496299753213931;-7.449999999999999;-0.026794066023937857;76.24;19.72
76.04_19.72;0.00032934309998365325;0.015485671089086918;41.819;0.5348204825692413;0.0002310798939927781;0.012650243082454852;28.037;0.6736120065037137;-9.826320599087515e-05;-0.0028354280066320656;-13.782000000000004;0.13879152393447236;76.04;19.72
75.84_19.72;0.00042068108437261095;0.017312103569448758;49.003;0.5080402381261311;0.00020544006442595083;0.011877124283067945;25.726;0.7597509160054754;-0.00021524101994666012;-0.005434979286380813;-23.277;0.2517106778793443;75.84;19.72
75.64_19.72;0.0006088532425332601;0.020245069824736086;54.703;0.45137565190536966;0.0002627770868831261;0.013618418019050837;33.866;0.7632173109801814;-0.000346076155650134;-0.0066266518056852484;-20.837000000000003;0.31184165907481176;75.64;19.72
75.44_19.72;0.0006248403374780926;0.020287692845418908;40.952;0.436469178760693;0.00027180407883631416;0.013967346275396336;27.53;0.7548654166902409;-0.0003530362586417784;-0.006320346570022572;-13.421999999999997;0.31839623792954785;75.44;19.72
75.24_19.72;0.0006248403374780926;0.020287692845418908;40.952;0.436469178760693;0.0002658291548452324;0.013858525962119861;28.504;0.7602540793958634;-0.0003590111826328601;-0.006429166883299047;-12.447999999999997;0.3237849006351704;75.24;19.72
75.04_19.72;0.0006084059830354046;0.020498646907714465;74.078;0.4837077737819123;0.0002485246379966706;0.013012563121607524;33.09;0.7891024378471987;-0.000359881345038734;-0.007486083786106941;-40.988;0.30539466406528637;75.04;19.72
74.84_19.72;0.0006216137191223003;0.020512369960195054;60.11;0.4662275438042398;0.0002597857845788094;0.013132378322146832;26.589;0.7769249743793193;-0.00036182793454349083;-0.007379991638048223;-33.521;0.3106974305750795;74.84;19.72
74.64_19.72;0.0006866589717923333;0.021181592051906836;37.57;0.3903916619764922;0.0002829665301084437;0.013947523597473832;23.513;0.7487854040770385;-0.0004036924416838896;-0.007234068454433003;-14.056999999999999;0.3583937421005463;74.64;19.72
74.24_19.72;0.0007170665290928952;0.02176198593110609;39.054;0.31540284139365904;0.0002876057211149826;0.013862438965633725;23.099;0.7254173058065894;-0.0004294608079779126;-0.007899546965472364;-15.955000000000002;0.4100144644129303;74.24;19.72
74.04_19.72;0.0006541390494033332;0.021027217082623197;40.268;0.3437931649890279;0.0002724277024897186;0.01385713778848589;43.903;0.726711131856214;-0.0003817113469136146;-0.007170079294137308;3.634999999999998;0.38291796686718615;74.04;19.72
73.84_19.72;0.0006104762839686881;0.020649935813354944;42.924;0.3709318641915801;0.00027985128401178405;0.014175342280540999;45.783;0.7116259383699249;-0.000330624999956904;-0.006474593532813945;2.8590000000000018;0.34069407417834485;73.84;19.72
76.84_20.72;0.00028205762445850465;0.013697712313430753;20.346;0.3497975636143015;0.00023019199960545595;0.012875147179916812;22.861;0.46935879054039775;-5.18656248530487e-05;-0.0008225651335139403;2.5150000000000006;0.11956122692609628;76.84;20.72
76.64_20.72;0.00025145775364913373;0.013597482239190668;25.907;0.46041613422602423;0.00019595146740946208;0.011075080220391338;23.446;0.579522807491504;-5.550628623967165e-05;-0.00252240201879933;-2.4609999999999985;0.11910667326547975;76.64;20.72
76.44_20.72;0.00025433851622515274;0.01391042361813871;31.035;0.5039825352095959;0.0002121653590488423;0.011870083417397885;25.415;0.5862297025489012;-4.217315717631044e-05;-0.002040340200740825;-5.620000000000001;0.08224716733930526;76.44;20.72
76.24_20.72;0.00028713849817086024;0.014618925784886782;37.862;0.5149845150143366;0.00022359846654210053;0.012174566776848432;27.503;0.622312161612562;-6.35400316287597e-05;-0.0024443590080383496;-10.359000000000002;0.10732764659822536;76.24;20.72
76.04_20.72;0.00047671251869461364;0.018316971694913833;49.768;0.46734732809584967;0.00025339386207244737;0.013305039842454347;29.834;0.7168714636515253;-0.00022331865662216627;-0.005011931852459486;-19.934;0.24952413555567565;76.04;20.72
75.84_20.72;0.00047671251869461364;0.018316971694913833;49.768;0.46734732809584967;0.00020766377973898125;0.012089542684266728;26.801;0.7679677734526984;-0.0002690487389556324;-0.006227429010647104;-22.967000000000002;0.30062044535684873;75.84;20.72
75.64_20.72;0.0006076106323684702;0.02051127115198174;58.791;0.4609698235436446;0.00023529652093448995;0.012970320416309253;34.897;0.7912611820097799;-0.0003723141114339802;-0.007540950735672488;-23.894;0.33029135846613533;75.64;20.72
75.44_20.72;0.0006246332599356935;0.020608833401426708;57.061;0.45863769450091296;0.00023970709389684372;0.013093617258947698;35.777;0.7922486788330144;-0.0003849261660388498;-0.007515216142479009;-21.284;0.33361098433210146;75.44;20.72
75.24_20.72;0.00060058055780037;0.020462274845204888;81.002;0.473768600488662;0.0002334685421995624;0.01293542212264382;51.076;0.7954338079915249;-0.0003671120156008076;-0.007526852722561067;-29.925999999999995;0.32166520750286287;75.24;20.72
75.04_20.72;0.0005574823103553294;0.01966011157859278;52.312;0.47287822702389515;0.0002467762486581835;0.01304190091304178;25.328;0.7666632083120586;-0.00031070606169714593;-0.006618210665550999;-26.983999999999998;0.29378498128816344;75.04;20.72
74.84_20.72;0.0005574823103553294;0.01966011157859278;52.312;0.47287822702389515;0.0002495798041843065;0.012894721680513619;25.131;0.7640123346751445;-0.00030790250617102294;-0.00676538989807916;-27.180999999999997;0.29113410765124936;74.84;20.72
74.64_20.72;0.0005498648301250583;0.01901324179555914;54.857;0.4342474518316003;0.00027301226512197726;0.013602714991020807;24.099;0.7190993564020881;-0.000276852565003081;-0.005410526804538332;-30.758;0.2848519045704878;74.64;20.72
74.44_20.72;0.0005919391465251018;0.019773735787213382;171.47;0.3936081078545638;0.00028787346300873255;0.013868980331177781;37.343;0.7050978382540172;-0.0003040656835163693;-0.005904755456035601;-134.127;0.3114897303994534;74.44;20.72
74.24_20.72;0.000698241244303824;0.022075404562031813;39.397;0.2658508139368524;0.00032414507612119894;0.015455092642488845;30.933;0.6591853521371082;-0.00037409616818262503;-0.006620311919542968;-8.463999999999999;0.39333453820025577;74.24;20.72
74.04_20.72;0.0006946600586576004;0.02207017051157598;49.234;0.2890045277340453;0.00033728580891975534;0.01594561525518747;60.036;0.6547826810930721;-0.0003573742497378451;-0.006124555256388508;10.802;0.36577815335902686;74.04;20.72
73.84_20.72;0.000668814881720444;0.02191157277171956;127.03;0.3057304359827139;0.0005430324050210383;0.021166671164515857;161.217;0.43630011624232923;-0.0001257824766994057;-0.0007449016072037032;34.18700000000001;0.13056968025961535;73.84;20.72
73.64_20.72;0.0005490889447121606;0.02015246483510141;85.733;0.357158508229922;0.0005578435038060661;0.022027342833199934;123.681;0.34690917816798517;8.754559093905536e-06;0.0018748779980985245;37.94799999999999;-0.010249330061936845;73.64;20.72
76.64_21.72;0.00019958791031795777;0.011800759216900342;18.759;0.5050964581830211;0.00019513672987149874;0.011311787792444246;20.211;0.5161337247424518;-4.451180446459033e-06;-0.0004889714244560965;1.4519999999999982;0.011037266559430714;76.64;21.72
76.44_21.72;0.0003209127937762368;0.015179436159469671;31.805;0.45677968133460345;0.00020194722579509704;0.011296366677317256;24.294;0.6581568623079037;-0.00011896556798113978;-0.0038830694821524146;-7.510999999999999;0.20137718097330026;76.44;21.72
76.24_21.72;0.0004112008847812737;0.016827970563836836;34.162;0.41905526451851993;0.00020828337335814605;0.011487023162254474;22.826;0.7057371865697675;-0.00020291751142312767;-0.0053409474015823615;-11.335999999999999;0.28668192205124754;76.24;21.72
76.04_21.72;0.0004380304111677993;0.017371831867358425;35.474;0.4228160968245901;0.0002022918237460935;0.011509035067963894;22.518;0.7334441138482632;-0.0002357385874217058;-0.0058627967993945315;-12.955999999999996;0.31062801702367315;76.04;21.72
75.84_21.72;0.0005233516051328837;0.019152004490691005;42.777;0.4333388831297429;0.00020289484823537749;0.011579250421149332;24.218;0.7803147631904411;-0.00032045675689750626;-0.007572754069541674;-18.559;0.34697588006069824;75.84;21.72
75.64_21.72;0.000554850880145756;0.019799093466698003;41.121;0.42931491726366144;0.00020396340360637595;0.011986645449759034;25.76;0.790215937241169;-0.0003508874765393801;-0.007812448016938969;-15.361;0.36090101997750756;75.64;21.72
75.44_21.72;0.000554850880145756;0.019799093466698003;41.121;0.42931491726366144;0.00019930888875598432;0.01187920345216152;25.643;0.795003281530495;-0.0003555419913897717;-0.007919890014536484;-15.478000000000002;0.3656883642668336;75.44;21.72
75.24_21.72;0.0005648859350419252;0.019877456704295395;35.31;0.4151922602595899;0.00021521564474040095;0.012479404852456024;24.28;0.7771943556214268;-0.0003496702903015242;-0.007398051851839371;-11.030000000000001;0.3620020953618369;75.24;21.72
75.04_21.72;0.0005592318918532795;0.019417118161068444;31.884;0.350960326183849;0.0002719650993895975;0.014058599870275646;24.146;0.6843596690949943;-0.00028726679246368197;-0.0053585182907927974;-7.7379999999999995;0.33339934291114537;75.04;21.72
74.84_21.72;0.0005511787145700271;0.01919484992087648;32.95;0.35893284127102054;0.0002895434989276203;0.014255450153209576;23.094;0.6632365813858105;-0.0002616352156424068;-0.004939399767666903;-9.856000000000002;0.30430374011479;74.84;21.72
74.64_21.72;0.0005972811795353774;0.020175537055378286;55.236;0.29284728125699644;0.00027410500903685765;0.013985132404831289;22.86;0.6754726098815431;-0.00032317617049851976;-0.0061904046505469965;-32.376;0.3826253286245467;74.64;21.72
74.44_21.72;0.0005972811795353774;0.020175537055378286;55.236;0.29284728125699644;0.0002848380909632712;0.014127362297465057;24.678;0.662765147592745;-0.0003124430885721062;-0.006048174757913229;-30.557999999999996;0.3699178663357485;74.44;21.72
74.24_21.72;0.0007409718754840839;0.02291672435272233;44.685;0.22706844185826258;0.000372006975859927;0.016887025620894947;42.123;0.6119475772232796;-0.00036896489962415685;-0.006029698731827383;-2.5620000000000047;0.38487913536501706;74.24;21.72
74.04_21.72;0.0006470638343981511;0.021453465872709243;58.524;0.37305863298442665;0.00044311343924745994;0.018673922923032604;88.039;0.5706665547099096;-0.00020395039515069114;-0.002779542949676639;29.515;0.19760792172548292;74.04;21.72
73.84_21.72;0.0005975197814731364;0.020600813071955604;81.962;0.4043600669980557;0.0005512242817013489;0.021050506632955733;148.104;0.4505099171576171;-4.6295499771787556e-05;0.0004496935610001293;66.14200000000001;0.04614985015956141;73.84;21.72
73.64_21.72;0.0004270202643073849;0.01728367231018205;81.641;0.5149777780842084;0.0003480587096050918;0.01665112967183197;65.752;0.6046646428744543;-7.896155470229311e-05;-0.000632542638350081;-15.88900000000001;0.0896868647902459;73.64;21.72
76.64_22.72;0.0003688496506666895;0.016232831100007297;32.127;0.42927060389431804;0.00019682459453058677;0.011307008270652138;22.166;0.6954488589804912;-0.00017202505613610273;-0.004925822829355159;-9.961000000000002;0.2661782550861732;76.64;22.72
76.44_22.72;0.00048765681830761383;0.018079348604030807;34.376;0.36457021156577385;0.00018277746211418472;0.01043541500963092;22.716;0.7618361115408445;-0.0003048793561934291;-0.007643933594399887;-11.659999999999997;0.39726589997507067;76.44;22.72
76.24_22.72;0.0004951485634977724;0.01808357167917204;31.514;0.3510996334952755;0.0001765754127256035;0.010711208389990375;20.537;0.7685950066703918;-0.0003185731507721689;-0.007372363289181666;-10.977;0.4174953731751163;76.24;22.72
76.04_22.72;0.0005513144918044574;0.018988902817582223;27.722;0.2770275291407095;0.0001712605754866991;0.010398990500804284;17.234;0.7754155146273233;-0.0003800539163177583;-0.008589912316777939;-10.488;0.4983879854866138;76.04;22.72
75.84_22.72;0.0005387352610113279;0.01875133374357826;26.072;0.24374751129001904;0.0001953222551932634;0.011751709748028909;19.391;0.7258153451603282;-0.00034341300581806455;-0.006999623995549351;-6.681000000000001;0.48206783387030916;75.84;22.72
75.64_22.72;0.0005328802341567209;0.018823775947550372;27.727;0.3001302745836123;0.00016430301239584686;0.010623183822831445;18.474;0.7842091021586893;-0.0003685772217608741;-0.008200592124718927;-9.253;0.48407882757507703;75.64;22.72
75.44_22.72;0.0005662940062852104;0.019566810063504247;28.536;0.293720992798882;0.00018724427189669652;0.01165155374778713;20.65;0.7664698955109728;-0.0003790497343885139;-0.007915256315717118;-7.886000000000003;0.4727489027120908;75.44;22.72
75.24_22.72;0.0005874750138413337;0.0200133789984326;29.573;0.24958139915507216;0.0002356892216104045;0.013080065149210916;22.769;0.6989394072121712;-0.00035178579223092926;-0.0069333138492216825;-6.804000000000002;0.449358008057099;75.24;22.72
75.04_22.72;0.0005874750138413337;0.0200133789984326;29.573;0.24958139915507216;0.00027447739015024503;0.0141232045779304;24.165;0.6493928520749926;-0.0003129976236910887;-0.005890174420502199;-5.408000000000001;0.3998114529199205;75.04;22.72
74.84_22.72;0.0005639555322035077;0.01936985091586023;34.541;0.2818756002164724;0.0003310576379011927;0.015428689261122026;26.182;0.578440933839876;-0.000232897894302315;-0.003941161654738203;-8.358999999999998;0.29656533362340365;74.84;22.72
74.64_22.72;0.0006287888867358975;0.02047366385838783;90.548;0.28976182384193416;0.0003204745137895812;0.015412456851739085;31.433;0.6380132680769585;-0.0003083143729463163;-0.005061207006648744;-59.115;0.3482514442350243;74.64;22.72
74.44_22.72;0.0006287888867358975;0.02047366385838783;90.548;0.28976182384193416;0.0003116413802924641;0.015034176226511618;27.103;0.6479905891732649;-0.0003171475064434334;-0.005439487631876211;-63.445;0.35822876533133075;74.44;22.72
74.24_22.72;0.0006658899228654973;0.021428631847581012;42.01;0.3352050517937326;0.00036376191386094757;0.016630499264067625;45.27;0.6368362481835488;-0.0003021280090045497;-0.004798132583513387;3.260000000000005;0.30163119638981617;74.24;22.72
74.04_22.72;0.0005200960111759756;0.01889136713701266;55.196;0.5377214263571424;0.0004097569542361072;0.017861288895160494;77.016;0.6357944374227895;-0.00011033905693986839;-0.001030078241852167;21.820000000000007;0.09807301106564714;74.04;22.72
73.84_22.72;0.00043416245020277917;0.017209841933936976;55.444;0.5952488207408276;0.0003057006197779616;0.014704778893368247;50.203;0.7150083193569609;-0.00012846183042481758;-0.002505063040568729;-5.241;0.11975949861613322;73.84;22.72
76.84_23.72;0.00039707353399248257;0.01671966812254712;28.387;0.4197047456295532;0.000184922087477273;0.011465781866762344;20.962;0.7297492766330537;-0.00021215144651520957;-0.005253886255784775;-7.425000000000001;0.3100445310035005;76.84;23.72
76.64_23.72;0.00044343410659740124;0.017350484461076104;26.93;0.30680011497849224;0.00018516710372392485;0.0113103718531536;19.536;0.7105368912731654;-0.00025826700287347637;-0.006040112607922504;-7.393999999999998;0.4037367762946732;76.64;23.72
76.44_23.72;0.00044343410659740124;0.017350484461076104;26.93;0.30680011497849224;0.00017177251107537855;0.010812752666689551;18.487;0.731476034080943;-0.0002716615955220227;-0.006537731794386553;-8.443000000000001;0.4246759191024507;76.44;23.72
76.24_23.72;0.0005159970329975243;0.01840963005911551;25.158;0.18980223116890116;0.00018897158840076563;0.011354206749620328;17.531;0.7032844192817216;-0.0003270254445967587;-0.007055423309495183;-7.6270000000000024;0.5134821881128204;76.24;23.72
76.04_23.72;0.0006294790688825478;0.020631926668379204;26.148;-0.06408280921793086;0.00019984636181483712;0.011801377008895242;17.505;0.6621760935285474;-0.0004296327070677107;-0.008830549659483962;-8.643;0.5980932843106166;76.04;23.72
75.84_23.72;0.0006729656857125413;0.021266859091396022;27.934;-0.007651019299215411;0.00016670669156165042;0.010540156441555362;16.753;0.7503852406705758;-0.0005062589941508908;-0.01072670264984066;-11.181000000000001;0.7427342213713604;75.84;23.72
75.64_23.72;0.0006729656857125413;0.021266859091396022;27.934;-0.007651019299215411;0.00020421478399993933;0.011861482476964743;18.742;0.694223287126996;-0.000468750901712602;-0.009405376614431278;-9.192;0.6865722678277806;75.64;23.72
75.44_23.72;0.0007069627363536499;0.02196231861973352;30.004;-0.00675740760107546;0.0002730020018999838;0.014052640007357276;23.151;0.6112287486037415;-0.0004339607344536661;-0.007909678612376243;-6.8530000000000015;0.6044713410026661;75.44;23.72
75.24_23.72;0.0006032903005029755;0.020424147635324783;31.953;0.08890682697975094;0.0003178395846395952;0.015096366072382636;25.982;0.5199964669756885;-0.0002854507158633803;-0.005327781562942146;-5.971;0.4310896399959375;75.24;23.72
75.04_23.72;0.0005779091174504205;0.01994857150946504;34.178;0.15141935543668372;0.00032626248520038395;0.015284994530899753;26.157;0.5209280808553373;-0.00025164663225003657;-0.004663576978565289;-8.020999999999997;0.36950872541865354;75.04;23.72
74.84_23.72;0.0006097423675312483;0.020541385682081453;210.847;0.18409400997167913;0.00030934114872614347;0.014931192703471874;51.088;0.5860656735568447;-0.00030040121880510484;-0.005610192978609579;-159.75900000000001;0.40197166358516556;74.84;23.72
74.64_23.72;0.0006459704895824948;0.021186175440307358;35.966;0.28174383487596466;0.000304058055595036;0.014981570991823316;27.454;0.6619171053341575;-0.0003419124339874588;-0.006204604448484042;-8.512;0.3801732704581928;74.64;23.72
74.44_23.72;0.0006597521370460871;0.021493091727558335;37.811;0.3090631761073638;0.0003508712819897085;0.016220875934123268;34.453;0.6325439880217141;-0.00030888085505637866;-0.005272215793435068;-3.357999999999997;0.3234808119143503;74.44;23.72
74.24_23.72;0.0006431730329388982;0.02116468263434588;1321.079;0.4784716106621667;0.00037451523026779584;0.016607330297032222;2918.603;0.696317608448912;-0.00026865780267110233;-0.004557352337313657;1597.5240000000001;0.2178459977867453;74.24;23.72
77.24_24.72;0.00017465466553966025;0.01082486247115206;16.565;0.620716708047901;0.00012657959699574582;0.009556763018631838;14.772;0.7251174133014238;-4.807506854391443e-05;-0.001268099452520221;-1.793000000000001;0.10440070525352274;77.24;24.72
77.04_24.72;0.00035042688150954123;0.015866712456596214;26.676;0.4858668698188642;0.00014587831246706207;0.010415629221833906;19.845;0.7859728309336612;-0.00020454856904247916;-0.0054510832347623075;-6.8309999999999995;0.30010596111479704;77.04;24.72
76.84_24.72;0.0004339316731385436;0.017682255321522535;25.325;0.2486177594202611;0.00017004035123780885;0.011181825777091125;18.064;0.7055635529484885;-0.00026389132190073473;-0.00650042954443141;-7.260999999999999;0.4569457935282274;76.84;24.72
76.64_24.72;0.0004339316731385436;0.017682255321522535;25.325;0.2486177594202611;0.00016896144688127767;0.010855881683510153;17.728;0.7074317493097225;-0.0002649702262572659;-0.006826373638012383;-7.596999999999998;0.4588139898894614;76.64;24.72
76.44_24.72;0.00040338947091257004;0.016951745920792082;22.127;0.05729939278927332;0.00019430108008353965;0.011538186365530119;17.0;0.5459282916778154;-0.0002090883908290304;-0.005413559555261963;-5.126999999999999;0.4886288988885421;76.44;24.72
76.24_24.72;0.0006162338372544963;0.021121457370910684;26.828;-0.2807102045789338;0.00022278396302940085;0.012552621355721792;17.448;0.5369911912992608;-0.00039344987422509545;-0.008568836015188892;-9.379999999999999;0.25628098672032695;76.24;24.72
76.04_24.72;0.0006162338372544963;0.021121457370910684;26.828;-0.2807102045789338;0.00013858482853801063;0.009662152540553408;13.78;0.7119810802678265;-0.00047764900871648567;-0.011459304830357276;-13.048;0.43127087568889266;76.04;24.72
75.84_24.72;0.0006928845138538466;0.02211354214846945;30.003;-0.1378598526713355;0.00019608077184359753;0.011493149167810576;18.165;0.6779947686798787;-0.000496803742010249;-0.010620392980658873;-11.838000000000001;0.5401349160085432;75.84;24.72
75.64_24.72;0.0006447025053359239;0.02078544032775392;29.249;0.033836268321227436;0.0002807652550925745;0.014290683735415663;24.689;0.5792397201176674;-0.00036393725024334937;-0.006494756592338257;-4.559999999999999;0.54540345179644;75.64;24.72
75.44_24.72;0.0006139752512091395;0.02073712171285623;34.477;0.05289371188220404;0.0002874747107381303;0.014443920595495386;27.113;0.5565470991237329;-0.0003265005404710092;-0.006293201117360843;-7.363999999999997;0.5036533872415289;75.44;24.72
75.24_24.72;0.0006139752512091395;0.02073712171285623;34.477;0.05289371188220404;0.0002987520888214245;0.014705154406512514;26.241;0.5391508349011356;-0.00031522316238771504;-0.006031967306343715;-8.235999999999997;0.48625712301893154;75.24;24.72
75.04_24.72;0.0006466147054756387;0.02152676691824532;41.048;0.10741129902317981;0.00032527683435531324;0.015568069490149775;28.273;0.5509869717214468;-0.0003213378711203255;-0.005958697428095544;-12.775000000000002;0.44357567269826703;75.04;24.72
74.84_24.72;0.0006932568113101767;0.022409237153664895;38.459;0.2457589475007086;0.00033570173082235016;0.01591677795638493;32.775;0.6347673435724867;-0.0003575550804878265;-0.006492459197279966;-5.684000000000005;0.38900839607177806;74.84;24.72
74.64_24.72;0.0006932568113101767;0.022409237153664895;38.459;0.2457589475007086;0.00036015736102070275;0.01653917536445323;35.521;0.6081604066345299;-0.0003330994502894739;-0.005870061789211664;-2.9380000000000024;0.36240145913382127;74.64;24.72
74.44_24.72;0.0007453536690889265;0.023338993894603248;48.91;0.3573316433485785;0.00041402141098981275;0.01776336520005862;47.573;0.6430171731165377;-0.0003313322580991138;-0.005575628694544629;-1.3369999999999962;0.28568552976795925;74.44;24.72
77.44_25.72;0.0003152992496162781;0.015278652914100995;18.751;0.04995935409794994;0.00012212300052178308;0.009208681314293123;12.733;0.6320263545301464;-0.00019317624909449504;-0.006069971599807872;-6.018000000000001;0.5820670004321965;77.44;25.72
77.24_25.72;0.0002451148519479043;0.012983574124410117;17.574;0.376257960718393;0.00011158131842852504;0.008894796302814098;14.308;0.7160598040092216;-0.00013353353351937925;-0.004088777821596019;-3.266000000000002;0.33980184329082863;77.24;25.72
77.04_25.72;0.00029716110915427616;0.014487251987223813;20.893;0.4113332924850148;0.00011593119362019584;0.009233330700483343;16.452;0.770343992048931;-0.00018122991553408033;-0.00525392128674047;-4.440999999999999;0.3590106995639162;77.04;25.72
76.84_25.72;0.00029716110915427616;0.014487251987223813;20.893;0.4113332924850148;0.00013098548741539246;0.009900720554519607;16.241;0.740521914767005;-0.0001661756217388837;-0.004586531432704205;-4.652000000000001;0.3291886222819902;76.84;25.72
76.64_25.72;0.00032188837794259523;0.015391969490295422;21.567;0.21608112217494824;0.00015127790300325673;0.010696662512684698;16.521;0.6315815913577687;-0.0001706104749393385;-0.004695306977610725;-5.045999999999999;0.41550046918282046;76.64;25.72
76.44_25.72;0.0005182675701945443;0.019404232645805864;24.935;-0.27322621209240694;0.00020577444763068443;0.012107827348801288;17.023;0.49447460043877234;-0.00031249312256385994;-0.007296405297004576;-7.911999999999999;0.2212483883463654;76.44;25.72
76.24_25.72;0.0005182675701945443;0.019404232645805864;24.935;-0.27322621209240694;0.00015187992722863385;0.010108218035926349;14.462;0.626877089057309;-0.00036638764296591047;-0.009296014609879515;-10.472999999999999;0.35365087696490205;76.24;25.72
76.04_25.72;0.0006115917011932488;0.020705242407712543;29.271;-0.0992529476144941;0.00019884414175961319;0.011675555114804701;18.641;0.6426046845981273;-0.0004127475594336357;-0.009029687292907842;-10.630000000000003;0.5433517369836331;76.04;25.72
75.84_25.72;0.0005179669127060186;0.018646602303606576;28.322;0.09753186628189858;0.00022136317382858103;0.012571690989641041;23.179;0.6143127959364847;-0.00029660373887743763;-0.006074911313965535;-5.143000000000001;0.5167809296545861;75.84;25.72
75.64_25.72;0.0005134591364811785;0.018702135915951157;33.956;0.14730355623778635;0.00024822117422227877;0.013454473438495389;28.967;0.5877815828220704;-0.00026523796225889977;-0.005247662477455768;-4.989000000000004;0.44047802658428403;75.64;25.72
75.44_25.72;0.0005440689566410189;0.01938359091923784;42.154;0.12342461852285447;0.0002806017428114418;0.01430115494285717;31.951;0.5479091818311855;-0.00026346721382957707;-0.0050824359763806705;-10.203000000000003;0.42448456330833106;75.44;25.72
75.24_25.72;0.0006029356109182347;0.020843709638481776;36.499;0.1515918399261491;0.0002962220846568324;0.014677474219088778;26.426;0.5831773256281834;-0.0003067135262614023;-0.006166235419392999;-10.073000000000004;0.43158548570203425;75.24;25.72
75.04_25.72;0.000660451009759413;0.02215666976681031;229.885;0.2805124052713043;0.00032397658165957984;0.015495313808011203;314.948;0.6470637064033139;-0.0003364744280998331;-0.006661355958799107;85.06299999999999;0.3665513011320096;75.04;25.72
74.84_25.72;0.000680061647870632;0.02239970401087973;45.959;0.4264705431898874;0.00035909616759536423;0.016061859307353692;35.63;0.6971565289875887;-0.00032096548027526773;-0.006337844703526038;-10.329;0.2706859857977013;74.84;25.72
77.64_26.72;0.0003845079223380612;0.017057083731162694;23.523;-0.2926012802993785;0.00015791024004621761;0.010727723402506358;16.118;0.46915273626881426;-0.0002265976822918436;-0.006329360328656336;-7.405000000000001;0.17655145596943578;77.64;26.72
77.44_26.72;0.0004178739126348488;0.018102066407323415;23.761;-0.41774988621667597;0.0001428043482832071;0.009980317093239247;14.324;0.5154977556431478;-0.00027506956435164166;-0.008121749314084168;-9.437;0.09774786942647185;77.44;26.72
77.24_26.72;0.0003737445229597692;0.017067951732726128;22.056;-0.3135030941793826;0.00011488647947836796;0.008950131685866052;13.075;0.5962382402846447;-0.00025885804348140125;-0.008117820046860076;-8.981000000000002;0.28273514610526207;77.24;26.72
77.04_26.72;0.0003661032640040262;0.016767204660991266;21.996;-0.27585766206257123;0.00011329336490975279;0.00895161443862191;13.392;0.6051764026901183;-0.0002528098990942734;-0.007815590222369356;-8.604;0.32931874062754707;77.04;26.72
76.84_26.72;0.00032104117172054446;0.015244903358874084;20.292;0.06090953026862056;0.00011178202343550531;0.008866826643575694;13.873;0.6730218983035965;-0.00020925914828503914;-0.00637807671529839;-6.419000000000002;0.6121123680349759;76.84;26.72
76.64_26.72;0.00032104117172054446;0.015244903358874084;20.292;0.06090953026862056;0.00012180015490831184;0.00918991116484719;13.943;0.6437174581901711;-0.0001992410168122326;-0.006054992194026894;-6.349000000000002;0.5828079279215506;76.64;26.72
76.44_26.72;0.0004917631219366637;0.01897989366556302;24.316;-0.29086520628535917;0.00013962133329429438;0.009727066098694826;13.958;0.6334976878807331;-0.0003521417886423693;-0.009252827566868193;-10.357999999999999;0.34263248159537396;76.44;26.72
76.24_26.72;0.0005295929332548519;0.01913079107219432;27.556;0.0603748767237795;0.00024066116157541814;0.013342269128546231;22.023;0.5730092691696071;-0.00028893177167943376;-0.00578852194364809;-5.533000000000001;0.5126343924458276;76.24;26.72
76.04_26.72;0.00044128418308307036;0.01776012865045937;149.145;0.2851050498824579;0.0002550876508778049;0.013645760531673276;120.653;0.5867495812430682;-0.00018619653220526544;-0.004114368118786094;-28.492000000000004;0.3016445313606103;76.04;26.72
75.84_26.72;0.00044082382754393856;0.01765353234101841;47.234;0.2659849451078802;0.00023856901121017312;0.013077253127322967;37.919;0.6027591184563639;-0.00020225481633376544;-0.004576279213695444;-9.315000000000005;0.3367741733484837;75.84;26.72
75.64_26.72;0.00044082382754393856;0.01765353234101841;47.234;0.2659849451078802;0.000251828473296056;0.013608325603456562;37.617;0.5806808092029032;-0.00018899535424788256;-0.004045206737561849;-9.617000000000004;0.31469586409502304;75.64;26.72
75.44_26.72;0.0005563160955597733;0.02013285374528341;36.803;0.24106829535844698;0.0003065748425763322;0.01500768453064414;30.632;0.581767686152319;-0.00024974125298344105;-0.0051251692146392705;-6.170999999999996;0.340699390793872;75.44;26.72
75.24_26.72;0.0006925034569020976;0.022934158760620677;44.497;0.2689679120971925;0.00031264892994739037;0.015149717540561332;31.478;0.669956304532453;-0.0003798545269547072;-0.007784441220059345;-13.018999999999998;0.4009883924352605;75.24;26.72
77.64_27.72;0.00032345864241883286;0.015228547861866384;23.295;-0.05562244119990778;0.00016881079504450254;0.011154617369661272;19.055;0.4490780576051795;-0.00015464784737433032;-0.004073930492205112;-4.240000000000002;0.3934556164052717;77.64;27.72
77.44_27.72;0.0005477156460840282;0.020702309853012548;27.847;-0.6589534750410162;0.0001722774901733746;0.011290294004206277;16.692;0.4781957699440669;-0.0003754381559106536;-0.009412015848806271;-11.155000000000001;-0.18075770509694933;77.44;27.72
77.24_27.72;0.0006356344785219227;0.022675953741223585;30.159;-1.0132759263459326;0.00015334501924792388;0.010610893215262469;15.442;0.5143028798645461;-0.00048228945927399877;-0.012065060525961116;-14.716999999999999;-0.4989730464813864;77.24;27.72
77.04_27.72;0.0006935107924562711;0.023989264950353018;31.705;-1.3472853523407426;0.00017353825645162463;0.011052762135871782;15.729;0.4126352295154301;-0.0005199725360046465;-0.012936502814481237;-15.975999999999999;-0.9346501228253126;77.04;27.72
76.84_27.72;0.0006935107924562711;0.023989264950353018;31.705;-1.3472853523407426;0.00018209846220964312;0.011385395693807024;16.213;0.383662002555755;-0.0005114123302466279;-0.012603869256545995;-15.491999999999997;-0.9636233497849876;76.84;27.72
76.64_27.72;0.000784272292323453;0.0255307596861619;32.914;-1.3768581867119303;0.00018024429466867754;0.011097030828840001;15.283;0.4537418552398955;-0.0006040279976547755;-0.0144337288573219;-17.631;-0.9231163314720348;76.64;27.72
76.44_27.72;0.0007275475069738991;0.02327989416236705;30.775;-0.40723514621908774;0.00023484080336051222;0.013120137683572673;19.153;0.5457667999856203;-0.0004927067036133868;-0.010159756478794376;-11.622;0.13853165376653254;76.44;27.72
76.24_27.72;0.000612249516030687;0.020563478064866494;36.889;0.20883246353089213;0.00025736849422559367;0.013735939733738154;30.304;0.6674205659461543;-0.0003548810218050933;-0.006827538331128339;-6.585000000000004;0.45858810241526216;76.24;27.72
76.04_27.72;0.0005504535160948141;0.02063691457955282;54.964;0.3564219428680506;0.0002697087155107555;0.014058700376635635;29.608;0.684662544529796;-0.00028074480058405866;-0.006578214202917187;-25.355999999999998;0.3282406016617454;76.04;27.72
75.84_27.72;0.0005504535160948141;0.02063691457955282;54.964;0.3564219428680506;0.0002863314485003704;0.014571727074943459;32.71;0.6652276133523616;-0.00026412206759444376;-0.006065187504609363;-22.253999999999998;0.30880567048431096;75.84;27.72
75.64_27.72;0.0006478311477912943;0.022648994607210742;71.134;0.26823455617315495;0.00030107787285034573;0.014719674160427786;31.973;0.6599138772442081;-0.0003467532749409485;-0.007929320446782956;-39.161;0.3916793210710532;75.64;27.72
75.44_27.72;0.0007492506507465589;0.024408493499721302;53.867;0.2875116334777912;0.0003314757568568693;0.01553597841042544;30.704;0.6847882343387497;-0.0004177748938896896;-0.008872515089295862;-23.162999999999997;0.3972766008609585;75.44;27.72
77.64_28.72;0.00046179173881692894;0.01814876961765267;26.368;-0.09978594411779396;0.00013699603460661801;0.00988491702785311;16.491;0.6737353646770996;-0.00032479570421031095;-0.00826385258979956;-9.876999999999999;0.5739494205593056;77.64;28.72
77.44_28.72;0.00046179173881692894;0.01814876961765267;26.368;-0.09978594411779396;0.00014854001523729662;0.010375004431947584;17.626;0.6462426519029079;-0.0003132517235796323;-0.007773765185705087;-8.741999999999997;0.5464567077851139;77.44;28.72
77.24_28.72;0.0005936422269443995;0.021088032005627495;30.853;-0.18629449430285017;0.0002486988266865068;0.014389212172012491;25.823;0.5030170775479315;-0.0003449434002578927;-0.006698819833615003;-5.030000000000001;0.3167225832450813;77.24;28.72
77.04_28.72;0.000523529617725298;0.019880575932552755;35.441;0.1384010546423342;0.0002733475387100537;0.014979228587805208;29.821;0.5501382479715332;-0.0002501820790152443;-0.004901347344747547;-5.620000000000001;0.411737193329199;77.04;28.72
76.84_28.72;0.0006398545084715842;0.021932314575726752;35.087;-0.27559128954058654;0.00028191080024332816;0.014984352448082145;29.742;0.43799261166919545;-0.00035794370822825604;-0.006947962127644607;-5.345000000000002;0.16240132212860892;76.84;28.72
76.64_28.72;0.0006398545084715842;0.021932314575726752;35.087;-0.27559128954058654;0.0002664672747341556;0.014481862816949194;27.621;0.4687802772376616;-0.0003733872337374286;-0.0074504517587775584;-7.466000000000005;0.19318898769707504;76.64;28.72
76.44_28.72;0.0006349490215443053;0.021393633689344015;49.851;0.06629869678771505;0.0002516137127357137;0.01361616504927523;35.478;0.6299985612765853;-0.0003833353088085916;-0.007777468640068785;-14.372999999999998;0.5636998644888702;76.44;28.72
76.24_28.72;0.0005910576437679458;0.020859453033645687;103.167;0.3654170804207294;0.00021717980954212595;0.012230686421259;94.118;0.7668271461065463;-0.0003738778342258199;-0.008628766612386688;-9.049000000000007;0.40141006568581694;76.24;28.72
76.04_28.72;0.0005910576437679458;0.020859453033645687;103.167;0.3654170804207294;0.00025272728338619;0.0135013407207387;107.915;0.728661968862869;-0.0003383303603817558;-0.007358112312906987;4.748000000000005;0.36324488844213965;76.04;28.72
75.84_28.72;0.0007772202381328915;0.024986744014724158;66.614;0.32811993859155575;0.0003212941614078741;0.015348184966791491;34.738;0.7222522905277374;-0.00045592607672501734;-0.009638559047932666;-31.876000000000005;0.3941323519361817;75.84;28.72
75.64_28.72;0.0009355051018574262;0.027687544405456406;52.709;0.3329293932198293;0.0003975538406377434;0.01716267082797845;33.806;0.7165205393584015;-0.0005379512612196829;-0.010524873577477955;-18.903000000000006;0.38359114613857226;75.64;28.72
77.44_29.72;0.0005978226189362625;0.020746677777101256;72.339;0.16334862701467834;0.0002742052497099262;0.014819346028093707;58.025;0.6162503870164672;-0.0003236173692263363;-0.00592733174900755;-14.314;0.45290176000178883;77.44;29.72
77.24_29.72;0.0005978226189362625;0.020746677777101256;72.339;0.16334862701467834;0.00026695982064204866;0.014825208616553613;73.468;0.6263903482449229;-0.00033086279829421385;-0.005921469160547643;1.1290000000000049;0.46304172123024456;77.24;29.72
77.04_29.72;0.0005461833193918159;0.02055034314574955;59.799;0.6146454327466093;0.00029012726663739483;0.015317248883313738;35.713;0.7953034021471845;-0.0002560560527544211;-0.0052330942624358116;-24.086;0.1806579694005752;77.04;29.72
76.84_29.72;0.0005461833193918159;0.02055034314574955;59.799;0.6146454327466093;0.000290495658830664;0.01522915317465009;36.438;0.795043486457385;-0.00025568766056115194;-0.00532118997109946;-23.360999999999997;0.18039805371077566;76.84;29.72
76.64_29.72;0.00060935732610949;0.022081537051186893;46.925;0.4546908932933006;0.00033089803356517266;0.016004095996720185;32.805;0.7038819369802641;-0.0002784592925443174;-0.006077441054466708;-14.119999999999997;0.24919104368696354;76.64;29.72
76.44_29.72;0.0006640732748592139;0.02317948800240322;89.068;0.42683973699276456;0.00034265533049977694;0.016119348966700347;36.695;0.7042548965824289;-0.00032141794435943695;-0.007060139035702875;-52.373;0.27741515958966434;76.44;29.72
76.24_29.72;0.0007235684552809025;0.02430770548439088;52.713;0.3525627063194817;0.00031381302441277635;0.015198755796001202;29.672;0.7192052061354299;-0.0004097554308681261;-0.009108949688389678;-23.041;0.3666424998159482;76.24;29.72
76.04_29.72;0.0008429833487487728;0.026574015203706124;50.836;0.39508121842573585;0.0003532897896502808;0.016283300663985853;32.5;0.7464817906366895;-0.0004896935590984919;-0.010290714539720271;-18.336;0.35140057221095367;76.04;29.72
77.24_30.72;0.0006140991878274643;0.02100352945603523;43.999;0.5747558526909018;0.000378278803133975;0.017507791349811248;37.297;0.7380539654304047;-0.00023582038469348933;-0.0034957381062239827;-6.702000000000005;0.1632981127395029;77.24;30.72
77.04_30.72;0.000623933503967702;0.020796861856184498;50.592;0.6795108878520976;0.00036776981718319735;0.017320219021076177;55.992;0.8110916925693084;-0.00025616368678450465;-0.0034766428351083213;5.399999999999999;0.1315808047172108;77.04;30.72
76.84_30.72;0.0006424669419099132;0.02139146255267812;40.967;0.696110599647104;0.0003219329094194198;0.016427811526695802;51.205;0.847724462668075;-0.0003205340324904934;-0.0049636510259823165;10.238;0.15161386302097102;76.84;30.72
76.64_30.72;0.0007458750767701649;0.02413718372297114;45.697;0.6411157693840778;0.00041216856226626493;0.01871838124366582;45.793;0.8016815389602033;-0.00033370651450389995;-0.0054188024793053215;0.09599999999999653;0.16056576957612556;76.64;30.72
76.44_30.72;0.0009722331121113203;0.02864130667492376;53.517;0.4923622248846884;0.0004842659754749379;0.019994406224584826;42.598;0.7471473669310742;-0.0004879671366363824;-0.008646900450338935;-10.919000000000004;0.2547851420463858;76.44;30.72
76.24_30.72;0.0009722331121113203;0.02864130667492376;53.517;0.4923622248846884;0.00047789594110489285;0.01983944512711525;42.341;0.75047339032478;-0.0004943371710064274;-0.008801861547808511;-11.176000000000002;0.2581111654400916;76.24;30.72
77.04_31.72;0.000658342093475852;0.021033514190541627;42.389;0.6876511663122116;0.0003857412000747424;0.017622967804091835;54.297;0.816986009032866;-0.00027260089340110956;-0.0034105463864497927;11.907999999999994;0.12933484272065443;77.04;31.72
76.84_31.72;0.0006270483235691732;0.02076086394530004;46.467;0.7215081555910847;0.0003606262974708983;0.016699136473507535;90.171;0.8398345407362381;-0.00026642202609827495;-0.0040617274717925055;43.70400000000001;0.11832638514515337;76.84;31.72
76.64_31.72;0.0006311155897044825;0.02093346236925896;45.703;0.7198243530755214;0.0003810023259247571;0.01779316393926709;74.324;0.8308589188936308;-0.00025011326377972543;-0.0031402984299918717;28.620999999999995;0.11103456581810944;76.64;31.72
76.44_31.72;0.0007398097805366272;0.023359398129015125;44.488;0.6767818991980484;0.0005037015144830428;0.020408480250781885;63.686;0.7799360711828066;-0.0002361082660535844;-0.0029509178782332404;19.198;0.10315417198475818;76.44;31.72
76.84_32.72;0.000566523641751811;0.020515480169634125;46.756;0.7228318130652964;0.00031755385796781007;0.015457427279935678;52.634;0.8446387395327497;-0.0002489697837840009;-0.005058052889698447;5.878;0.12180692646745328;76.84;32.72
